{
	"type":"ForceProjector",
	"name": "星盾",
	"description": "只适用于PVP 可以让你的基地防御拉满 但同时耗费巨量资源和电力",
	"health": 23400,//HP
	"size": 3,
	"radius": 55048,//r
	"shieldHealth": 30000,//盾容
	"phaseUseTime": 0.1111111,
	"phaseRadiusBoost": 100,//加速倍数
	"basePowerDraw": 1,
	"cooldownNormal":0.005,
	"cooldownLiquid":55084,
	"cooldownBrokenBase":112.5,
	"buildCostMultiplier":0.2,//建造时间倍数
	"consumes":{
	    "power":546.6666667,//耗电量
		"items":{
			"items":[
				{"item":"铀块","amount": 30}
			],
			"booster":true,
			"optional":false
		}
	},
	"requirements": [
	{ "item": "钨钢", "amount": 800 },
	{ "item": "铁", "amount": 600 },
	{ "item": "铝合金", "amount": 180 },
	{ "item": "钛合金", "amount":2800 }
	],
	"category":"effect",
	"research":"国防超盾"
}