{
"name":"[#00eeff[]]现实工艺  V7特别版[[]]"
"author":"[#386dff[]]MC180180[[]]]"
"description":"[#00eeff[]]现实工艺[[]]
    [#00fff7[]]作者[[]][#0cc0f2[]]代码[[]][#1785e5[]]不太[[]][#2155d8[]]行[[]]
	      [#00fff7[]]v[[]] [#0cc0f2[]]0.[[]][#1785e5[]]8.[[]][#2155d8[]]1[[]]
	   [#06fcb2[]]元素量：〔200+〕0[[]]]
	   [#fbff00[]]参加人员：溺水莫希 蓝电君          [[]]]
	   [#b5f20c[]]       太懒       程序员（兼作者）[[]]]"
"version": 0.8.1
"minGameVersion":138
}