{
//copper 铜 lead 铅 coal 煤 spore-pod 孢子荚
//graphite 石墨 silicon 硅 titanium 钛 thorium 钍
//plastanium 塑钢 surge-alloy 巨浪合金 phase-fabric 相织布
//pyratite 硫 blast-compound 爆炸混合物 metaglass 钢化玻璃
	"type":"GenericSmelter",
	//如果将type改为GenericSmelter则需要一个后缀-top的发热贴图
	"name":"能量块制造机",
	"outputItem":"能量块/1",//输出
	"itemCapacity":1,//物品容量
	"health":2000,//HP
	"updateEffect":"none",//生产时的特效
	"craftEffect":"spawn",//生产完毕的特效
	"description":"把电转化为等离子体并固化"
	"size":3,//大小
	"consumes":{
		"power":16.66667
			"items":{
			"items":[]
			"liquid":[]
		}
	}
	"requirements":[
		"铝合金/60",
	    "铸铁/20",
		"钛合金/5"
	]
	"research":"空气解离机",
	//科技树中位于合金工厂的后面
	//加工特效，目前为石墨的特效
	"category":"crafting"
	//在建筑菜单中位于 页面
	
	//turret 炮塔子页面 production 钻头子页面 
	//defense 墙子页面 power 电力子页面
	//logic 逻辑子页面 units 单位子页面
	//liquid 液体子页面 distribution 传送带子页面
	//effect 修复仪子页面 crafting 工厂子页面
}