{
//copper 铜 lead 铅 coal 煤 spore-pod 孢子荚
//graphite 石墨 silicon 硅 titanium 钛 thorium 钍
//plastanium 塑钢 surge-alloy 巨浪合金 phase-fabric 相织布
//pyratite 硫 blast-compound 爆炸混合物 metaglass 钢化玻璃
	"type":"GenericSmelter",
	//如果将type改为GenericSmelter则需要一个后缀-top的发热贴图
	"name":"钨钢冶炼机",
	"outputItem":"钨钢/11",//输出
	"itemCapacity":180,//物品容量
	"health":700,
	"updateEffect":"none",//生产时的特效
	"craftEffect":"spawn",//生产完毕的特效
	"description":"物质在其中被轰击后压缩成合金……"
	"size":2,
	"consumes":{
		"power":166.66666666666666666666666666666666666666666666666666666666666666666666666666666666666666666666666666666666666666666666666666666666666666666666666666667
			"items":{
			"items":[
				"铁/1",
				"钨/10",
			]//消耗物品
		}
	}
	"requirements":[
		"铁/80",
		"titanium/100",
		"lead/30",
	]
	"research":"钨分塞冶炼机",
	//科技树中位于合金工厂的后面
	//加工特效，目前为石墨的特效
	"category":"crafting"
	//在建筑菜单中位于工厂子页面
	
	//turret 炮塔子页面 production 钻头子页面 
	//defense 墙子页面 power 电力子页面
	//logic 逻辑子页面 units 单位子页面
	//liquid 液体子页面 distribution 传送带子页面
	//effect 修复仪子页面
}