{
	"name": "喝!!!",
    "type": "ItemTurret",
    "size": 3,
    "health": 648,//生命值
    "reload": 80,//开火速率
    "xRand": 3,
    "maxAmmo": 850,
    "range": 160,//范围80=10
	"shootSound":"UTA",
     "ambientSoundVolume":6,
	 "update":true,
    "inaccuracy": 0,//射击误差
    "rotateSpeed": 8,
    "ammoUseEffect": "casing1",
    "ammoTypes": {
        "梗": {
            "type": "BasicBulletType",
            "damage": 300,//伤害
            "height": 30,
            "width": 7,
            "speed": 5,//速度
            "lifetime": 350,//存在时间
            "ammoMultiplier": 10,//装填倍数
            "smokeEffect": "shootSmallSmoke"
        },
    },
    "requirements": [
        {
            "item": "梗",
            "amount": 35
        },
        {
            "item": "铝",
            "amount": 25
        },
        {
            "item": "铸铁",
            "amount": 25
        }
    ],
    "category": "turret",
    "research": "duo"
}