{
	"name": "大庆油田",
    "type": "ItemTurret",
    "size": 5,
    "health": 1280,//生命值
    "reload": 0.01,//开火速率
    "xRand": 3,
    "maxAmmo": 8500,
    "range": 1600,//范围80=10
	"ambientSound":"UTB",
     "ambientSoundVolume":0.6,
	 "update":true,
    "inaccuracy": 360,//射击误差
    "rotateSpeed": 8,
    "ammoUseEffect": "casing1",
    "ammoTypes": {
        "梗": {
            "type": "BasicBulletType",
            "damage": 5,//伤害
            "height": 30,
            "width": 7,
            "speed": 99,//速度
            "lifetime": 999999,//存在时间
            "ammoMultiplier": 1,//装填倍数
            "smokeEffect": "shootSmallSmoke"
        },
    },
    "requirements": [
        {
            "item": "梗",
            "amount": 45
        },
        {
            "item": "铝",
            "amount": 50
        },
        {
            "item": "铸铁",
            "amount": 75
        }
    ],
    "category": "turret",
    "research": "duo"
}