{
	"type":"PowerTurret"
	"name":"雷鸣电塔"
	"targetGround": true,
	"health":600,	
	"reload":0.1,//开火速率
	"targetAir":false,
	"rotatespeed":2,
	"drag":10,
	"cooldown":30,
	"recoil": 15,
	"restitution": 0.5,
	"heatColor": "FF0000",
	"inaccuracy": 0,
	"burstSpacing":3,
	"reload":6,
	"shots":4,
	"range":120,//范围
	"powerUse":6,//消耗电力
	"size":2,
	"chargeTime":5,
	"chargeMaxDelay":5,
	"chargeEffects":10,
	"buildCostMultiplier":1,
	"coolantMultiplier":2,
	"hasPower": true,
	"shootSound" : "电弧",
	"shootEffect": "lancerLaserShoot",
	"smokeEffect": "lightningShoot",
	"chargeEffect": "lancerLaserCharge",
	"chargeBeginEffect": "lancerLaserChargeBegin",
		"shootType":{
			"type":"LightningBulletType"
			"hitEffect":"hitLancer"
			"despawnEffect":"none"
			"length":400
			"width":8
			"lifetime":20//液体容量
			"drawSize":400
			"damage":10//伤害
		}
	"requirements": [
		{ "item": "copper", "amount":220},
		{ "item": "lead", "amount":220},
		{ "item": "silicon", "amount":80}
	],
	"category": "turret",
	"research":"炮类"
}