{
	"type": "ItemTurret",
	"name": "炮类",
	"description": "R.....",
	"health": 60,//生命值
	"size": 4,// e m m m.....
	"reload":25,//开火速率
	"range": 400,//范围80=10
	"shots": 1,
	"shootCone":20,
	"restitution":1,
    "heatColor":"E42525",
	"targetGround":true,
	"targetAir":true,
	"shootSound":"railgun",
	"ammoUseEffect": "none",
	"inaccuracy": 0,//射击误差
	"rotatespeed": 15,
	"ammoTypes": {
            "sand": {//炮弹
            "type": "ArtilleryBulletType",
			"splashDamageRadius":5,
			"splashDamage":1,
			"speed": 8,//速度
			"damage": 1,//伤害
			"bulletWidth": 3,
			"bulletHeight": 10,
			"trailEffect": "none",
			"smokeEffect": "none",
			"ammoMultiplier": 2,//装填倍数
			"lifetime":50,//存在时间
			"backColor":"F8F565",
			"fontColor":"F8F565",
			"heatColor":"F8F565",
			"trailColor":"F8F565",
			"fragBullet": {
                "type": "ArtilleryBulletType",//分裂
                "speed": 5,//速度
                "hitEffect": 0.001,
                "knockback": 0.2,
                "lifetime": 10,//存在时间
                "width": 0.5,
                "height": 0.5,
                "damage": 0.001,//伤害
                "collidesTiles": false,
                "splashDamageRadius": 40,
                "splashDamage": 1,
                "smokeEffect": "none",
                "hitShake": 0.2
            }
        }
	},
	"requirements": [
		{ "item": "copper", "amount": 5 },
		{ "item": "sand", "amount": 5 },
		{ "item": "lead", "amount": 5 }
	],
	"category": "turret",//在建筑菜单中位于 页面
	"research": "现实工艺"
	
	//turret 炮塔子页面 production 钻头子页面 
	//defense 墙子页面 power 电力子页面
	//logic 逻辑子页面 units 单位子页面
	//liquid 液体子页面 distribution 传送带子页面
	//effect 修复仪子页面 crafting 工厂子页面
}




//			"backRegion":
//			"frontRegion":
			