
{
	"type": "NuclearReactor",
	"name": "大型核子反应堆",
	"description": "没有超级冷却液供应，在短暂的发热后会发生剧烈爆炸",
	"size": 5,//emm
	"health": 1400,//HP
	"itemCapacity": 15,//物品容量
	"liquidCapacity":300,//液体容量
	"hasLiquids": true,//参加液体
	"hasItems": true,//参加固体
	"explosionRadius":30,//爆炸半径
    "explosionDamage":2300,//爆炸伤害
	"itemDuration":199.8,//生产时间 60=1
	"powerProduction": 1333.33333,//输出电力
	"consumes": {
    	"power":250,//输入电力
    	"liquid":{
    		"liquid":"超级冷冻液","amount":0.1666666667,"booster":true
    	},//需求液体 60=1 爆炸
    	"items": {
        	"items": [
            	{ "item": "铀块",//发电材料
            	"amount": 3 /*数量*/}
            ],"optional": false//是不是可以不加它，加其他的东西也能发电
    	}
	},
	"requirements": ["metaglass/120",
		"graphite/3000",
		"silicon/2000",
		"surge-alloy/2000",
		"钨钢/1500"
		"铸铁/2000",
		"强化玻璃/1500"
        ],//制造材料
        "category": "power",//在菜单的那里，power是电力类
        "research":"中型核子反应堆"//科技树，在什么东西的后面，原版要英文
		"buildCostMultiplier": 0.01
}