{
    "type": "ForceProjector",
    "name": "QAQ",
    "health": 23333,
	"description":"呜呜呜呜呜呜呜呜",//简介
    "requirements": [
        { "item": "铁", "amount": 16}
        ],
    "size": 2,
    "phaseRadiusBoost": 15,
    "radius": 40,
	"hasPower": false,
	"shieldHealth": 52000,//盾容
    "cooldownNormal":6,
    "cooldownLiquid":10,
	"cooldownBrokenBase":300,
    "itemCapacity": 520,
    "radius": 1000,//r
    "cooldownNormal": 0.5,
    "cooldownLiquid": 0.1,
    "cooldownBrokenBase": 0.20,
	"consumes":{
		"items":{
			"items":[
				{"item":"铁","amount":1}
			],
			"booster":false
		}
	},
	"category": "defense",
	"research": "鉨压缩墙"
	"absorbLasers":false,
	"placeableLiquid":false,
	"chanceDeflect":100
	"lightningChance":100
	"lightningDamage":10000
	"lightningLength":1000
}


/*

        forceProjector = new ForceProjector("force-projector"){{
            requirements(Category.effect, with(Items.lead, 100, Items.titanium, 75, Items.silicon, 125));
            size = 3;
            phaseRadiusBoost = 80f;
            radius = 101.7f;
            shieldHealth = 750f;
            cooldownNormal = 1.5f;
            cooldownLiquid = 1.2f;
            cooldownBrokenBase = 0.35f;

            consumes.item(Items.phaseFabric).boost();
            consumes.power(4f);
        }};