{
    "type": "ForceProjector",
    "name": "砹压缩墙",
    "health": 200000,
	"description":"使用砹压缩材料制作出 本不应该存在的墙 密度极大可以抵挡激光 由于过于坚硬可以反弹其他物质 墙已经达到了反重力 可以在液体上制造 自身产出极大的气压 可以抵抗一些伤害",//简介
    "requirements": [
        { "item": "砹压缩材料", "amount": 16}
        ],
    "size": 2,
    "phaseRadiusBoost": 15,
    "radius": 40,
	"hasPower": false,
    "shieldHealth": 150,
    "cooldownNormal": 0.5,
    "cooldownLiquid": 0.1,
    "cooldownBrokenBase": 0.20,
	"consumes":{
		"items":{
			"items":[
				{"item":"砹压缩材料","amount":1}
			],
			"booster":false
		}
	},
	"category": "defense",
	"research": "钼压缩墙"
	"absorbLasers":false,
	"placeableLiquid":false,
	"chanceDeflect":100
}


/*

        forceProjector = new ForceProjector("force-projector"){{
            requirements(Category.effect, with(Items.lead, 100, Items.titanium, 75, Items.silicon, 125));
            size = 3;
            phaseRadiusBoost = 80f;
            radius = 101.7f;
            shieldHealth = 750f;
            cooldownNormal = 1.5f;
            cooldownLiquid = 1.2f;
            cooldownBrokenBase = 0.35f;

            consumes.item(Items.phaseFabric).boost();
            consumes.power(4f);
        }};