{
     "name":"极限块",//名称
     "type":"Wall",
     "description":"极限 3.1415926......",//简介
     "details":"极限进度已达成",//小字注解
     "size":1,//尺寸
     "health":31415926,//生命值
	  "chanceDeflect": 99.95
	 "drawer":{
"type":"DrawRotator",
"spinSpeed":0.5
}

     "requirements":[
     "铝/1"
	 "黄铜/1"
	 "木头/1"
	 "钛合金/1"
	 "钨钢/1"
	 "铸铁/1"
	],//建造花费
     "research":"黄铜墙-4",//前置科技
     "category":"defense"//建造菜单中的位置

}