{
	"name":"小型钻头",
	"description":"小身板，大能量",
	"type":"Drill",
	"health":1000,//HP
	"drawRim":true,
	"tier":1,//可开采矿物等级
	"size":1,
	"drillTime":60,//开采时间间隔*60x
	"warmupSpeed":1,
	"drawMineItem":true,
	"drillEffect":"none",
	"rotateSpeed":1,
	"updateEffectChance":1,
	"liquidBoostIntensity":1.4142135623732,//加速倍数
	"#consumes":{
		"liquid":{
			"liquid":"water",
			"amount": 0.0,
			"booster": true,
			"optional": true,
		}
	},//液体
	"requirements":[
		"铁/80",
		"钨/100",
		"铝/30",
	]//材料
	"category": "production",
	"research": "mechanical-drill"
}